[{"assetType":"PolicyAction","assetObject":{"name":"Policy Action [Straight Through Routing] -> Policy For API PetStore[1]","id":"5f9af63d-ce1d-4ac8-a7d6-daa6af0f866d","status":"Success","explanation":"OK","warning":false}},{"assetType":"Application","assetObject":{"name":"TestApplication","id":"8e3a1fbd-f65e-4bb4-8faa-ce230c86fb1c","status":"Success","explanation":"OK","warning":false}},{"assetType":"Policy","assetObject":{"name":"Policy For API PetStore[1]","id":"6a099fa1-6c39-49f7-9de5-e1dd997b3aad","status":"Success","explanation":"OK","warning":false}},{"assetType":"PassmanData","assetObject":{"name":"API_ACCESS_KEY8e3a1fbd-f65e-4bb4-8faa-ce230c86fb1c","id":"API_ACCESS_KEY8e3a1fbd-f65e-4bb4-8faa-ce230c86fb1c","status":"Success","explanation":"OK","warning":false}},{"assetType":"Strategy","assetObject":{"name":"TestStrategy","id":"29e4dfd7-bd8e-4b0b-b18d-7e33eacfc353","status":"Success","explanation":"OK","warning":false}},{"assetType":"PolicyAction","assetObject":{"name":"Policy Action [Enable HTTP / HTTPS] -> Policy For API PetStore[1]","id":"46568dea-4cf1-4bf8-a12d-c32068c08daa","status":"Success","explanation":"OK","warning":false}},{"assetType":"API","assetObject":{"name":"PetStore[1]","id":"f6f875b1-1cda-4446-a447-06f86e6ade8f","status":"Success","explanation":"OK","warning":false}},{"assetType":"RegisteredApplication","assetObject":{"name":"RegisteredApplication [ TestApplication ]","id":"8e3a1fbd-f65e-4bb4-8faa-ce230c86fb1c","status":"Success","explanation":"OK","warning":false}}]